# file	mappa	tipo	ambiente	motivo
07_il Portale Della Forgia Eterna/ARC07-DEF-1-PIANO-TERRA-TERROS.md	1	tattica	caverna	foresta di cristalli sul Piano della Terra: terra battuta e cristalli, nessun muro costruito
07_il Portale Della Forgia Eterna/ARC07-DEF-1-PIANO-TERRA-TERROS.md	2	tattica	caverna	campo di cristalli viventi, stesso piano
07_il Portale Della Forgia Eterna/ARC07-DEF-1-PIANO-TERRA-TERROS.md	3	tattica	interni	camera centrale a sfera, ambiente costruito e chiuso
07_il Portale Della Forgia Eterna/ARC07-DEF-2-RITORNO-E-AFFRESCHI.md	1	tattica	interni	stanza della corona: sala con colonne, statue e porte
07_il Portale Della Forgia Eterna/ARC07-DEF-4-VIAGGIO-MILLE-ANNI.md	1	tattica	esterno	cortile interno a cielo aperto
07_il Portale Della Forgia Eterna/ARC07-DEF-5-RITORNO-HAMMERFIST.md	1	tattica	caverna	il titolo la dice caverna sacra
07_il Portale Della Forgia Eterna/Mappe/ARC07-MAPPE-DEFINITIVO.md	1	tattica	caverna	come DEF-1 mappa 1 (atlante)
07_il Portale Della Forgia Eterna/Mappe/ARC07-MAPPE-DEFINITIVO.md	2	tattica	caverna	come DEF-1 mappa 2 (atlante)
07_il Portale Della Forgia Eterna/Mappe/ARC07-MAPPE-DEFINITIVO.md	3	tattica	interni	come DEF-1 mappa 3 (atlante)
07_il Portale Della Forgia Eterna/Mappe/ARC07-MAPPE-DEFINITIVO.md	4	tattica	interni	come DEF-2 (atlante)
07_il Portale Della Forgia Eterna/Mappe/ARC07-MAPPE-DEFINITIVO.md	5	tattica	esterno	come DEF-4 (atlante)
07_il Portale Della Forgia Eterna/Mappe/ARC07-MAPPE-DEFINITIVO.md	6	tattica	caverna	come DEF-5 (atlante)
07_il Portale Della Forgia Eterna/Mappe/ARC07-MAPPE-M7C-TENDA-DEL-COMANDO.md	1	tattica	esterno	accampamento all'aperto: pianura e tende
07_il Portale Della Forgia Eterna/Mappe/Portale-Forgia-L1-REVISED-UltraClear.md	1	tattica	interni	stanza della corona, muri e porte
07_il Portale Della Forgia Eterna/Mappe/Portale-Forgia-L1-REVISED-UltraClear.md	2	tattica	interni	sala della forgia, pavimento lavorato
07_il Portale Della Forgia Eterna/Mappe/Portale-Forgia-L2-REVISED-UltraClear.md	1	tattica	caverna	⚠️ dubbia: il titolo letto è «[COLONNA K = 15m da Nord]»; lava, roccia e fiamme dicono caverna
07_il Portale Della Forgia Eterna/Mappe/Portale-Forgia-L2-REVISED-UltraClear.md	2	tattica	interni	forgia adamantina, con porte e muratura
07_il Portale Della Forgia Eterna/Mappe/hammerfist-372-1372/M7-D-livello-1-1372.json	1	tattica	interni	corridoio della fucina, livello −1
07_il Portale Della Forgia Eterna/Mappe/hammerfist-372-1372/M7-D-livello-1-372.json	1	tattica	interni	corridoio della fucina, livello −1
07_il Portale Della Forgia Eterna/Mappe/hammerfist-372-1372/M7-E-gallerie-1372.json	1	tattica	caverna	⚠️ dubbia: gallerie scavate col pavimento di terra; il D28 aveva proposto 🟤 «se il DM lo conferma» (D12)
07_il Portale Della Forgia Eterna/Mappe/hammerfist-372-1372/M7-E-gallerie-372.json	1	tattica	caverna	⚠️ dubbia: come sopra
07_il Portale Della Forgia Eterna/Mappe/hammerfist-372-1372/M7-F-fucina-grande-1372.json	1	tattica	interni	fucina grande, pavimento lavorato
07_il Portale Della Forgia Eterna/Mappe/hammerfist-372-1372/M7-F-fucina-grande-372.json	1	tattica	interni	fucina grande, pavimento lavorato
08_La Battaglia Di Hammerfist/Mappe/Hammerfist-L1-REVISED-Ultra-Clear.md	1	tattica	esterno	torrione di vedetta fra montagne e pianura
08_La Battaglia Di Hammerfist/Mappe/Hammerfist-L1-REVISED-Ultra-Clear.md	2	tattica	esterno	sentiero nel canyon
08_La Battaglia Di Hammerfist/Mappe/Hammerfist-L1-REVISED-Ultra-Clear.md	3	tattica	esterno	campo della Mano Rossa
08_La Battaglia Di Hammerfist/Mappe/Hammerfist-L2-REVISED-Ultra-Clear.md	1	strategica	esterno	vista d'insieme della fortezza, 120×80: le 13 porte senza muro di ADR-0082 stanno qui
08_La Battaglia Di Hammerfist/Mappe/Hammerfist-L2-REVISED-Ultra-Clear.md	2	strategica	esterno	disposizione generale su 300 m, 60×108
08_La Battaglia Di Hammerfist/Mappe/Hammerfist-L2-REVISED-Ultra-Clear.md	3	tattica	esterno	attacco del drago sui bastioni
08_La Battaglia Di Hammerfist/Mappe/Hammerfist-L3-REVISED-Ultra-Clear.md	1	tattica	esterno	cortile sfondato
08_La Battaglia Di Hammerfist/Mappe/Hammerfist-L3-REVISED-Ultra-Clear.md	2	tattica	caverna	ponte sospeso dentro la montagna
08_La Battaglia Di Hammerfist/Mappe/Hammerfist-L3-REVISED-Ultra-Clear.md	3	tattica	caverna	incrocio di gallerie
08_La Battaglia Di Hammerfist/Mappe/Hammerfist-L3-REVISED-Ultra-Clear.md	4	tattica	interni	la sala del Cuore della Montagna, pavimento lavorato
08_La Battaglia Di Hammerfist/Mappe/Hammerfist-L3-REVISED-Ultra-Clear.md	5	tattica	esterno	battaglia finale in campo aperto: tattica, non vista d'insieme, perché ci si muovono le miniature
09_Continuazione Arco Narrativo dopo Battaglia di Hammerfist/Arco-Post-Hammerfist-P1B-Cerchio-Treant-COMPLETO-maps.md	1	tattica	esterno	cerchio sacro della foresta
09_Continuazione Arco Narrativo dopo Battaglia di Hammerfist/Arco-Post-Hammerfist-P1B-Foresta-In-Fiamme-MAPPA.md	1	tattica	esterno	foresta in fiamme
09_Continuazione Arco Narrativo dopo Battaglia di Hammerfist/Arco-Post-Hammerfist-P1C-Rituale-COMPLETO-SCALE.md	1	tattica	esterno	campo drow, 1,5 m a quadretto
09_Continuazione Arco Narrativo dopo Battaglia di Hammerfist/Arco-Post-Hammerfist-P1C-Rituale-COMPLETO-SCALE.md	2	tattica	esterno	ondata 2, stesso campo
09_Continuazione Arco Narrativo dopo Battaglia di Hammerfist/Arco-Post-Hammerfist-P1C-Rituale-COMPLETO-SCALE.md	3	tattica	esterno	ultima resistenza, stesso campo
09_Continuazione Arco Narrativo dopo Battaglia di Hammerfist/SUPPLEMENTO-P1C-MAPPE-CAMPI-DROW-COMPLETO.md	1	tattica	esterno	campo drow 1, 1,5 m a quadretto
09_Continuazione Arco Narrativo dopo Battaglia di Hammerfist/SUPPLEMENTO-P1C-MAPPE-CAMPI-DROW-COMPLETO.md	2	tattica	esterno	campo drow 2, 1,5 m a quadretto
STANDALONE-Il-Drappo-di-Tarsilia/ALLEGATI/mappe/tarsilia-la-ruota-giocatori.json	1	tattica	abitato	la pista del Drappo per le vie della città
STANDALONE-Il-Drappo-di-Tarsilia/ALLEGATI/mappe/tarsilia-la-ruota.json	1	tattica	abitato	la pista del Drappo per le vie della città
STANDALONE-Il-Drappo-di-Tarsilia/ALLEGATI/mappe/tarsilia-stalle.json	1	tattica	interni	le stalle dell'Istrice, un edificio
